{"total_training_time": 42.65668773651123, "train_loss": [0.8377633015314738, 0.8441471378008525], "val_loss": [0.8324387272198995, 0.8188336531321208], "best_validation_epoch": 2}