{"total_training_time": 41.7632360458374, "train_loss": [0.8512345274289449, 0.8465621709823609], "val_loss": [0.8336641073226929, 0.8305505037307739], "best_validation_epoch": 2}