{"total_training_time": 41.8885281085968, "train_loss": [0.8291771888732911, 0.8185473720232646], "val_loss": [0.8503050287564595, 0.8298977573712667], "best_validation_epoch": 2}