{"total_training_time": 33.299182176589966, "train_loss": [0.8409395376841228, 0.8313643018404643], "val_loss": [0.8309790889422098, 0.8495016853014629], "best_validation_epoch": 1}